model,split,RMSE,MAE,R2
LinearRegression,test,72707.58035846906,21965.87040582776,0.6562260690871068
Dummy(median),test,127486.30096631989,32116.11472666667,-0.05691630209517551
LinearRegression,val,31538.105174274555,14721.731064441423,0.8101051154137006
Dummy(median),val,73946.1956445031,18846.14674,-0.04393568290740224
