n_components,RMSE_val,R2_val
20,35024.811955255595,0.7657963300769263
40,37123.535456427555,0.7368879547222882
60,29764.352622617927,0.8308644291175115
0.95_var,29804.809931944084,0.8304043202935975
